Users,Yearly,Half-Yearly,Quaterly,Monthly,Weekly,Groceries,Clothing,Housing,Education,Health,Travel,Entertainment,Gambling,Tax,Fines
Ankit,2022,2022-1,2022-1,2022-1,2022-1,5182,2946,0,4521,13,299,72123,0,0,0
Ankit,2022,2022-1,2022-1,2022-1,2022-2,5117,0,0,105,178,0,79170,284,1,2106
Ankit,2022,2022-1,2022-1,2022-1,2022-3,6319,0,0,771,38,17086,85608,9,0,0
Ankit,2022,2022-1,2022-1,2022-1,2022-4,748,7,30,0,4543,5,52345,0,5025,0
Ankit,2022,2022-1,2022-1,2022-1,2022-5,0,0,0,0,0,0,12822,0,0,0
Ankit,2022,2022-1,2022-1,2022-1,2022-52,9,0,0,0,0,0,5511,0,0,0
Ankit,2022,2022-1,2022-1,2022-2,2022-5,7,0,0,6738,6,0,50332,0,0,0
Ankit,2022,2022-1,2022-1,2022-2,2022-6,677,3524,328,16,3768,60,40504,0,3874,0
Ankit,2022,2022-1,2022-1,2022-2,2022-7,2094,47,1091,0,0,9858,41578,4,0,1
Ankit,2022,2022-1,2022-1,2022-2,2022-8,0,0,0,0,0,0,63779,108,332,3557
Ankit,2022,2022-1,2022-1,2022-2,2022-9,0,0,0,0,0,14401,15072,0,1,0
Ankit,2022,2022-1,2022-1,2022-3,2022-10,0,2,0,0,0,0,93069,97,24,258
Ankit,2022,2022-1,2022-1,2022-3,2022-11,977,2659,6,35,53,0,44828,10567,0,0
Ankit,2022,2022-1,2022-1,2022-3,2022-12,3238,0,98,0,3143,0,58439,11227,0,2185
Ankit,2022,2022-1,2022-1,2022-3,2022-13,5664,10,0,0,379,0,22548,0,4,0
Ankit,2022,2022-1,2022-1,2022-3,2022-9,3401,8259,9745,39459,0,0,48028,0,0,1
Ankit,2022,2022-1,2022-2,2022-4,2022-13,0,0,0,0,0,4318,31472,10404,0,0
Ankit,2022,2022-1,2022-2,2022-4,2022-14,43,0,79,0,0,15812,62802,0,0,4321
Ankit,2022,2022-1,2022-2,2022-4,2022-15,67,5,1754,1,0,9033,59335,1408,1706,0
Ankit,2022,2022-1,2022-2,2022-4,2022-16,83,0,28,0,11,0,52935,3055,0,0
Ankit,2022,2022-1,2022-2,2022-4,2022-17,4398,781,0,0,0,0,50420,0,24,41
Ankit,2022,2022-1,2022-2,2022-5,2022-17,0,0,0,0,0,16700,17758,0,499,0
Ankit,2022,2022-1,2022-2,2022-5,2022-18,4593,0,0,1,762,385,58048,0,9842,0
Ankit,2022,2022-1,2022-2,2022-5,2022-19,897,0,0,0,188,256,69297,0,7717,0
Ankit,2022,2022-1,2022-2,2022-5,2022-20,3995,10940,311,0,0,0,31868,1,129,0
Ankit,2022,2022-1,2022-2,2022-5,2022-21,3580,61,0,0,392,4113,45811,11216,0,0
Ankit,2022,2022-1,2022-2,2022-5,2022-22,2193,0,0,0,0,0,12533,0,0,0
Ankit,2022,2022-1,2022-2,2022-6,2022-22,4311,0,0,14882,341,0,50228,0,0,0
Ankit,2022,2022-1,2022-2,2022-6,2022-23,3122,10,0,0,21,0,63315,2845,0,0
Ankit,2022,2022-1,2022-2,2022-6,2022-24,536,0,0,11989,37,610,53626,0,0,0
Ankit,2022,2022-1,2022-2,2022-6,2022-25,473,1568,0,160,0,0,72687,0,0,3666
Ankit,2022,2022-1,2022-2,2022-6,2022-26,18,0,0,0,0,0,36781,648,0,0
Ankit,2022,2022-2,2022-3,2022-7,2022-26,0,444,0,0,0,0,7432,0,0,0
Ankit,2022,2022-2,2022-3,2022-7,2022-27,1910,0,1,573,427,0,42511,196,1,104
Ankit,2022,2022-2,2022-3,2022-7,2022-28,1,0,279,166,3,378,25659,0,0,587
Ankit,2022,2022-2,2022-3,2022-7,2022-29,699,0,544,0,0,0,72140,1,0,0
Ankit,2022,2022-2,2022-3,2022-7,2022-30,2,2167,0,0,385,0,32881,0,0,114
Ankit,2022,2022-2,2022-3,2022-8,2022-31,324,0,0,1,0,0,35500,2,0,0
Ankit,2022,2022-2,2022-3,2022-8,2022-32,2140,0,27634,1101,0,0,34758,398,92,0
Ankit,2022,2022-2,2022-3,2022-8,2022-33,9,0,0,0,0,556,57973,3779,1047,19
Ankit,2022,2022-2,2022-3,2022-8,2022-34,11,51,0,2954,0,116,45211,0,0,0
Ankit,2022,2022-2,2022-3,2022-8,2022-35,2,1,0,0,5279,0,9822,0,0,0
Ankit,2022,2022-2,2022-3,2022-9,2022-35,28,218,6532,0,4,0,43731,0,0,0
Ankit,2022,2022-2,2022-3,2022-9,2022-36,8291,26,236,1,0,0,56823,879,148,0
Ankit,2022,2022-2,2022-3,2022-9,2022-37,112,0,0,8088,0,0,65315,23403,0,783
Ankit,2022,2022-2,2022-3,2022-9,2022-38,10810,0,0,0,7,16916,56319,0,0,8
Ankit,2022,2022-2,2022-3,2022-9,2022-39,3481,18336,0,0,0,0,44544,0,0,0
Ankit,2022,2022-2,2022-4,2022-10,2022-39,0,0,0,0,138,0,9175,0,0,0
Ankit,2022,2022-2,2022-4,2022-10,2022-40,11727,7629,81,0,632,0,46663,0,0,0
Ankit,2022,2022-2,2022-4,2022-10,2022-41,3838,46,3,8,2,0,47395,0,130,9
Ankit,2022,2022-2,2022-4,2022-10,2022-42,649,2,0,0,55,522,74554,0,0,0
Ankit,2022,2022-2,2022-4,2022-10,2022-43,3819,853,3066,14,0,52,54009,393,13,1
Ankit,2022,2022-2,2022-4,2022-10,2022-44,0,0,0,0,0,0,1203,0,0,0
Ankit,2022,2022-2,2022-4,2022-11,2022-44,5920,11929,0,1,0,1,44126,0,7489,0
Ankit,2022,2022-2,2022-4,2022-11,2022-45,8387,7176,0,0,0,0,45041,0,319,1129
Ankit,2022,2022-2,2022-4,2022-11,2022-46,535,3,6,27,0,854,22089,0,0,119
Ankit,2022,2022-2,2022-4,2022-11,2022-47,1506,28561,0,0,2654,9814,65870,0,0,0
Ankit,2022,2022-2,2022-4,2022-11,2022-48,5,0,0,0,2,3658,16412,0,0,0
Ankit,2022,2022-2,2022-4,2022-12,2022-48,49,0,0,0,0,24,46270,0,0,383
Ankit,2022,2022-2,2022-4,2022-12,2022-49,1224,0,5954,0,5808,7361,27630,560,221,0
Ankit,2022,2022-2,2022-4,2022-12,2022-50,2412,0,34,0,0,6096,60125,0,0,3417
Ankit,2022,2022-2,2022-4,2022-12,2022-51,1256,54,16375,599,0,4770,49876,3998,1330,0
Ankit,2022,2022-2,2022-4,2022-12,2022-52,8139,6,0,0,0,0,40045,6972,26,0
Ankit,2023,2023-1,2023-1,2023-1,2023-1,13005,13,19,0,398,0,36001,0,0,10
Ankit,2023,2023-1,2023-1,2023-1,2023-2,572,32,228,0,19,6453,42914,83493,0,0
Ankit,2023,2023-1,2023-1,2023-1,2023-3,7091,0,695,0,8,1038,37462,1010,16855,121
Ankit,2023,2023-1,2023-1,2023-1,2023-4,296,0,3339,0,0,5389,65616,17047,0,2472
Ankit,2023,2023-1,2023-1,2023-1,2023-5,0,0,0,102,0,0,3848,0,0,0
Ankit,2023,2023-1,2023-1,2023-1,2023-52,0,0,0,0,0,0,17036,0,0,0
Ankit,2023,2023-1,2023-1,2023-2,2023-5,9826,0,0,0,0,0,32285,0,0,11
Ankit,2023,2023-1,2023-1,2023-2,2023-6,3671,0,0,2,3054,0,51630,16408,8,0
Ankit,2023,2023-1,2023-1,2023-2,2023-7,4267,93,2030,170,4151,6941,64834,0,0,439
Ankit,2023,2023-1,2023-1,2023-2,2023-8,185,19512,4,19,0,4778,14699,0,93,0
Ankit,2023,2023-1,2023-1,2023-2,2023-9,0,0,0,0,292,0,5836,0,0,0
Ankit,2023,2023-1,2023-1,2023-3,2023-10,312,1605,81,0,0,2038,74147,0,33,24
Ankit,2023,2023-1,2023-1,2023-3,2023-11,7823,0,0,0,16,0,46273,3,3336,0
Ankit,2023,2023-1,2023-1,2023-3,2023-12,4150,0,0,0,1,10809,56438,12545,148,0
Ankit,2023,2023-1,2023-1,2023-3,2023-13,2508,713,0,0,0,0,63839,66136,87,0
Ankit,2023,2023-1,2023-1,2023-3,2023-9,6616,0,0,0,0,0,28630,86,0,1534
Ankit,2023,2023-1,2023-2,2023-4,2023-13,732,567,0,0,0,2892,3425,2,0,0
Ankit,2023,2023-1,2023-2,2023-4,2023-14,12017,13,0,16996,0,0,49049,0,0,0
Ankit,2023,2023-1,2023-2,2023-4,2023-15,144,0,3,0,1976,2,41031,33,0,0
Ankit,2023,2023-1,2023-2,2023-4,2023-16,22,47,0,0,80,49,38724,50881,0,0
Ankit,2023,2023-1,2023-2,2023-4,2023-17,80,52,0,540,0,15,97763,253,1232,0
Ankit,2023,2023-1,2023-2,2023-5,2023-18,25,0,0,0,0,0,52812,527,0,0
Ankit,2023,2023-1,2023-2,2023-5,2023-19,14350,21438,3,0,0,0,59361,0,3,945
Ankit,2023,2023-1,2023-2,2023-5,2023-20,21,5,1488,1092,0,0,43817,190,497,0
Ankit,2023,2023-1,2023-2,2023-5,2023-21,171,0,0,0,0,0,49799,0,0,0
Ankit,2023,2023-1,2023-2,2023-5,2023-22,0,29058,0,0,555,2,23931,0,6081,0
Ankit,2023,2023-1,2023-2,2023-6,2023-22,1403,1,0,127,1929,0,37611,1132,0,0
Ankit,2023,2023-1,2023-2,2023-6,2023-23,6121,0,39,23402,1655,0,55399,0,1918,997
Ankit,2023,2023-1,2023-2,2023-6,2023-24,4629,2,0,5397,0,0,85581,873,0,5875
Ankit,2023,2023-1,2023-2,2023-6,2023-25,321,0,0,0,98,0,49970,0,0,0
Ankit,2023,2023-1,2023-2,2023-6,2023-26,31,0,0,7174,0,4,34735,0,585,0
Ankit,2023,2023-2,2023-3,2023-7,2023-26,0,0,0,0,0,18,2470,25,0,4082
Ankit,2023,2023-2,2023-3,2023-7,2023-27,5507,1506,2,0,819,3607,95472,0,0,0
Ankit,2023,2023-2,2023-3,2023-7,2023-28,1759,0,0,0,1,922,75744,3,0,0
Ankit,2023,2023-2,2023-3,2023-7,2023-29,5361,16,3,1613,0,42,61146,67,0,437
Ankit,2023,2023-2,2023-3,2023-7,2023-30,209,496,0,766,38,0,75164,0,0,2163
Ankit,2023,2023-2,2023-3,2023-7,2023-31,0,0,0,132,0,0,5665,0,0,0
Ankit,2023,2023-2,2023-3,2023-8,2023-31,9198,0,0,1671,0,0,56683,0,289,41
Ankit,2023,2023-2,2023-3,2023-8,2023-32,4,48120,2,0,0,0,48602,56046,1825,0
Ankit,2023,2023-2,2023-3,2023-8,2023-33,6710,0,662,8717,6956,0,35514,12,59,0
Ankit,2023,2023-2,2023-3,2023-8,2023-34,7023,0,4,0,17,0,39760,6023,10823,0
Ankit,2023,2023-2,2023-3,2023-8,2023-35,2013,135,0,1,0,0,39934,0,0,10
Ankit,2023,2023-2,2023-3,2023-9,2023-35,258,0,0,0,8500,0,16076,0,0,0
Ankit,2023,2023-2,2023-3,2023-9,2023-36,7854,0,0,0,1,0,46501,261,142,0
Ankit,2023,2023-2,2023-3,2023-9,2023-37,5001,0,10,77,1212,0,68204,22940,0,0
Ankit,2023,2023-2,2023-3,2023-9,2023-38,2135,0,17,0,1384,0,60482,3061,0,0
Ankit,2023,2023-2,2023-3,2023-9,2023-39,3488,0,76,0,0,93,41085,3147,0,0
Ankit,2023,2023-2,2023-4,2023-10,2023-39,0,0,0,0,8,0,13191,0,355,0
Ankit,2023,2023-2,2023-4,2023-10,2023-40,3389,1851,7,9,85,0,48746,46,0,30
Ankit,2023,2023-2,2023-4,2023-10,2023-41,15,0,1364,0,27,0,38021,0,6269,0
Ankit,2023,2023-2,2023-4,2023-10,2023-42,7552,0,0,20081,127,1,40862,0,4078,3998
Ankit,2023,2023-2,2023-4,2023-10,2023-43,6199,0,78,1525,86,0,69523,0,2494,2
Ankit,2023,2023-2,2023-4,2023-10,2023-44,91,0,0,0,0,0,1118,0,18,0
Ankit,2023,2023-2,2023-4,2023-11,2023-44,1345,0,4,112,0,0,44059,31288,0,0
Ankit,2023,2023-2,2023-4,2023-11,2023-45,450,0,0,0,0,1,55521,950,896,0
Ankit,2023,2023-2,2023-4,2023-11,2023-46,334,0,0,13819,21,0,61055,0,0,0
Ankit,2023,2023-2,2023-4,2023-11,2023-47,51,46545,0,1,0,0,46582,0,0,448
Ankit,2023,2023-2,2023-4,2023-11,2023-48,246,0,0,5,4346,12,22541,7,1769,0
Ankit,2023,2023-2,2023-4,2023-12,2023-48,1498,0,0,0,0,0,39523,0,0,0
Ankit,2023,2023-2,2023-4,2023-12,2023-49,24,0,243,0,0,15579,67314,7,9,0
Ankit,2023,2023-2,2023-4,2023-12,2023-50,0,0,0,5029,0,0,55549,0,0,1930
Ankit,2023,2023-2,2023-4,2023-12,2023-51,50,3480,0,0,1389,0,25546,705,19,0
Ankit,2023,2023-2,2023-4,2023-12,2023-52,0,7635,89,1,0,78,52627,12,0,0
Ankur,2022,2022-1,2022-1,2022-1,2022-1,46,2577,0,23,122,26,40938,13997,1780,0
Ankur,2022,2022-1,2022-1,2022-1,2022-2,2696,25159,0,60,0,0,57619,0,0,0
Ankur,2022,2022-1,2022-1,2022-1,2022-3,3007,0,313,471,0,0,51258,0,2,0
Ankur,2022,2022-1,2022-1,2022-1,2022-4,1,1372,7,0,0,84,33216,13,1332,0
Ankur,2022,2022-1,2022-1,2022-1,2022-5,0,0,0,0,0,0,7841,0,0,0
Ankur,2022,2022-1,2022-1,2022-1,2022-52,4807,417,0,0,0,50,17788,0,0,0
Ankur,2022,2022-1,2022-1,2022-2,2022-5,324,0,0,2,0,0,33792,0,1,0
Ankur,2022,2022-1,2022-1,2022-2,2022-6,0,0,0,3589,3257,4823,33350,3,0,0
Ankur,2022,2022-1,2022-1,2022-2,2022-7,851,1544,9519,26,0,2037,45066,16721,300,0
Ankur,2022,2022-1,2022-1,2022-2,2022-8,3720,0,0,0,0,35,51199,99232,548,824
Ankur,2022,2022-1,2022-1,2022-2,2022-9,14,0,0,0,0,0,221,0,0,0
Ankur,2022,2022-1,2022-1,2022-3,2022-10,9710,20434,0,0,55,0,37316,0,0,0
Ankur,2022,2022-1,2022-1,2022-3,2022-11,1,0,4559,0,0,0,78506,0,0,0
Ankur,2022,2022-1,2022-1,2022-3,2022-12,9470,0,0,5609,3,0,44947,41,0,0
Ankur,2022,2022-1,2022-1,2022-3,2022-13,110,0,46,0,54,0,49670,0,1,0
Ankur,2022,2022-1,2022-1,2022-3,2022-9,9288,0,1,0,0,1734,44503,0,0,0
Ankur,2022,2022-1,2022-2,2022-4,2022-13,641,0,0,1121,0,0,26288,0,0,0
Ankur,2022,2022-1,2022-2,2022-4,2022-14,16691,457,0,7,0,1,33387,33,4671,13
Ankur,2022,2022-1,2022-2,2022-4,2022-15,6498,1241,4885,33,0,0,75713,0,8,0
Ankur,2022,2022-1,2022-2,2022-4,2022-16,3503,43573,4218,5088,231,0,49001,0,0,0
Ankur,2022,2022-1,2022-2,2022-4,2022-17,737,0,0,0,2,967,45787,393,0,0
Ankur,2022,2022-1,2022-2,2022-5,2022-17,0,0,0,0,0,0,7959,0,0,0
Ankur,2022,2022-1,2022-2,2022-5,2022-18,589,3,0,0,8970,0,50941,24140,0,4
Ankur,2022,2022-1,2022-2,2022-5,2022-19,2,0,0,14920,0,0,39512,0,500,0
Ankur,2022,2022-1,2022-2,2022-5,2022-20,13130,320,6,1,0,0,23184,87,0,1
Ankur,2022,2022-1,2022-2,2022-5,2022-21,1016,0,0,0,11,0,47898,1,0,3
Ankur,2022,2022-1,2022-2,2022-5,2022-22,0,16128,0,0,0,0,9863,1010,6091,144
Ankur,2022,2022-1,2022-2,2022-6,2022-22,165,0,0,13808,1,0,37674,29859,0,0
Ankur,2022,2022-1,2022-2,2022-6,2022-23,10418,0,7215,0,32,0,52483,0,0,211
Ankur,2022,2022-1,2022-2,2022-6,2022-24,6939,5,7,0,0,0,41049,0,3930,28
Ankur,2022,2022-1,2022-2,2022-6,2022-25,336,0,2302,0,15,7796,52304,814,0,0
Ankur,2022,2022-1,2022-2,2022-6,2022-26,0,1123,13180,0,2,0,39481,10,0,32
Ankur,2022,2022-2,2022-3,2022-7,2022-26,0,263,0,12,0,98,31883,0,0,0
Ankur,2022,2022-2,2022-3,2022-7,2022-27,18871,0,1,0,272,5929,67763,44,0,3621
Ankur,2022,2022-2,2022-3,2022-7,2022-28,1707,13132,0,45300,0,0,66172,5931,62,0
Ankur,2022,2022-2,2022-3,2022-7,2022-29,200,56,0,72960,0,0,55100,257,0,17
Ankur,2022,2022-2,2022-3,2022-7,2022-30,2500,0,1556,40,0,0,35998,0,0,680
Ankur,2022,2022-2,2022-3,2022-8,2022-31,1197,1679,0,0,0,0,51826,572,0,0
Ankur,2022,2022-2,2022-3,2022-8,2022-32,3254,0,0,0,0,0,62254,29621,0,104
Ankur,2022,2022-2,2022-3,2022-8,2022-33,2817,8726,141,37,0,0,34895,3724,8,144
Ankur,2022,2022-2,2022-3,2022-8,2022-34,9132,0,707,0,11,0,35940,25854,0,0
Ankur,2022,2022-2,2022-3,2022-8,2022-35,4376,0,0,0,0,2,25412,0,0,0
Ankur,2022,2022-2,2022-3,2022-9,2022-35,0,0,0,0,0,0,34103,0,36,0
Ankur,2022,2022-2,2022-3,2022-9,2022-36,12411,9,0,275,0,1,38208,0,138,0
Ankur,2022,2022-2,2022-3,2022-9,2022-37,6152,0,0,27977,0,296,85290,19,0,140
Ankur,2022,2022-2,2022-3,2022-9,2022-38,1446,0,26,26765,0,3,59792,46444,124,0
Ankur,2022,2022-2,2022-3,2022-9,2022-39,123,0,0,10,0,0,35606,0,0,0
Ankur,2022,2022-2,2022-4,2022-10,2022-39,37,0,0,10,0,10,20405,0,0,0
Ankur,2022,2022-2,2022-4,2022-10,2022-40,3934,15,199,0,0,0,26601,2636,3,0
Ankur,2022,2022-2,2022-4,2022-10,2022-41,639,0,0,766,0,0,58067,73580,418,0
Ankur,2022,2022-2,2022-4,2022-10,2022-42,10127,0,0,6,0,0,38855,0,0,0
Ankur,2022,2022-2,2022-4,2022-10,2022-43,16,952,4022,1050,0,0,27788,0,0,0
Ankur,2022,2022-2,2022-4,2022-10,2022-44,0,0,0,0,0,0,7977,0,0,0
Ankur,2022,2022-2,2022-4,2022-11,2022-44,46,2031,0,0,0,4,42299,7101,0,0
Ankur,2022,2022-2,2022-4,2022-11,2022-45,3504,14,0,460,0,0,31931,0,13,0
Ankur,2022,2022-2,2022-4,2022-11,2022-46,14649,6877,5106,508,40,0,73104,23077,0,0
Ankur,2022,2022-2,2022-4,2022-11,2022-47,2504,0,14455,245,0,118,25593,1,0,0
Ankur,2022,2022-2,2022-4,2022-11,2022-48,25,33,0,0,0,0,21693,1119,0,0
Ankur,2022,2022-2,2022-4,2022-12,2022-48,78,5191,1,5756,135,0,35091,0,0,0
Ankur,2022,2022-2,2022-4,2022-12,2022-49,995,0,69,7,0,36,67049,5,0,173
Ankur,2022,2022-2,2022-4,2022-12,2022-50,3173,0,0,67136,77,0,82367,53,0,0
Ankur,2022,2022-2,2022-4,2022-12,2022-51,2460,0,121,46,0,1479,94979,0,0,0
Ankur,2022,2022-2,2022-4,2022-12,2022-52,47,24816,0,0,1101,0,49850,30,19,4847
Ankur,2023,2023-1,2023-1,2023-1,2023-1,2138,0,0,27,0,0,54293,39,222,4404
Ankur,2023,2023-1,2023-1,2023-1,2023-2,2316,8,0,0,831,1335,36289,433,0,0
Ankur,2023,2023-1,2023-1,2023-1,2023-3,18,0,0,1639,0,45,66663,80206,678,70
Ankur,2023,2023-1,2023-1,2023-1,2023-4,360,0,0,0,2,191,84595,0,0,14
Ankur,2023,2023-1,2023-1,2023-1,2023-5,2147,0,0,0,0,0,16224,0,0,0
Ankur,2023,2023-1,2023-1,2023-1,2023-52,0,0,0,0,0,0,18527,0,0,0
Ankur,2023,2023-1,2023-1,2023-2,2023-5,31,0,0,0,0,343,29873,0,0,0
Ankur,2023,2023-1,2023-1,2023-2,2023-6,8398,0,9,474,0,0,49013,0,405,162
Ankur,2023,2023-1,2023-1,2023-2,2023-7,11717,16593,0,4431,0,36,59719,0,0,0
Ankur,2023,2023-1,2023-1,2023-2,2023-8,822,0,0,13004,1503,0,57220,40695,0,0
Ankur,2023,2023-1,2023-1,2023-2,2023-9,0,0,0,0,0,0,4750,0,0,0
Ankur,2023,2023-1,2023-1,2023-3,2023-10,2969,1282,0,115,1735,0,40253,738,1,25
Ankur,2023,2023-1,2023-1,2023-3,2023-11,3057,143,0,0,14,2,57463,272,0,0
Ankur,2023,2023-1,2023-1,2023-3,2023-12,8569,0,0,28,6183,0,66753,13905,0,73
Ankur,2023,2023-1,2023-1,2023-3,2023-13,3669,0,135,0,14,0,38071,0,0,29
Ankur,2023,2023-1,2023-1,2023-3,2023-9,6770,1928,0,0,179,0,32957,0,0,0
Ankur,2023,2023-1,2023-2,2023-4,2023-13,215,27,0,0,0,0,20279,0,0,0
Ankur,2023,2023-1,2023-2,2023-4,2023-14,377,9165,240,1123,17,4434,68137,0,0,3318
Ankur,2023,2023-1,2023-2,2023-4,2023-15,3017,0,12481,0,1,1980,32977,0,54,0
Ankur,2023,2023-1,2023-2,2023-4,2023-16,7875,0,101,1,0,0,83086,68129,278,0
Ankur,2023,2023-1,2023-2,2023-4,2023-17,3994,0,21702,0,0,1,53859,7,30,0
Ankur,2023,2023-1,2023-2,2023-5,2023-18,8758,548,0,28448,0,17821,63839,13,0,0
Ankur,2023,2023-1,2023-2,2023-5,2023-19,120,7,0,0,0,0,76509,0,1579,0
Ankur,2023,2023-1,2023-2,2023-5,2023-20,2035,0,2564,7681,4252,0,43582,0,51,72
Ankur,2023,2023-1,2023-2,2023-5,2023-21,13002,0,19885,4837,761,0,7698,0,0,0
Ankur,2023,2023-1,2023-2,2023-5,2023-22,2497,0,0,0,0,0,25129,0,0,24
Ankur,2023,2023-1,2023-2,2023-6,2023-22,8,823,1463,115,1251,0,15915,0,0,0
Ankur,2023,2023-1,2023-2,2023-6,2023-23,768,0,163,0,0,0,65134,122,0,1120
Ankur,2023,2023-1,2023-2,2023-6,2023-24,8912,0,818,63,2210,943,53338,67276,0,139
Ankur,2023,2023-1,2023-2,2023-6,2023-25,1597,0,40,0,2990,0,28812,0,0,0
Ankur,2023,2023-1,2023-2,2023-6,2023-26,8553,5067,0,4686,0,10633,32738,0,0,0
Ankur,2023,2023-2,2023-3,2023-7,2023-26,3800,0,0,0,0,0,2429,37,0,0
Ankur,2023,2023-2,2023-3,2023-7,2023-27,1168,33,1536,0,0,390,63793,52,1519,0
Ankur,2023,2023-2,2023-3,2023-7,2023-28,386,0,15,6,105,877,68934,153,0,0
Ankur,2023,2023-2,2023-3,2023-7,2023-29,6610,62010,0,9225,0,0,59398,25494,0,0
Ankur,2023,2023-2,2023-3,2023-7,2023-30,5999,0,0,0,0,700,67967,0,0,0
Ankur,2023,2023-2,2023-3,2023-7,2023-31,0,0,0,0,417,0,13314,0,0,0
Ankur,2023,2023-2,2023-3,2023-8,2023-31,0,1019,18044,0,0,14870,38246,50347,106,8
Ankur,2023,2023-2,2023-3,2023-8,2023-32,378,37,0,1,0,0,24941,0,136,0
Ankur,2023,2023-2,2023-3,2023-8,2023-33,1384,8837,626,0,212,0,40054,77,0,14
Ankur,2023,2023-2,2023-3,2023-8,2023-34,2599,20,2007,0,0,17444,59445,0,0,33
Ankur,2023,2023-2,2023-3,2023-8,2023-35,911,1062,0,1,0,0,53512,1,9671,0
Ankur,2023,2023-2,2023-3,2023-9,2023-35,4280,0,0,0,0,11,4992,0,0,0
Ankur,2023,2023-2,2023-3,2023-9,2023-36,49,0,14,0,0,0,53693,12389,1807,0
Ankur,2023,2023-2,2023-3,2023-9,2023-37,3505,1534,0,33256,8161,33,63116,0,0,4511
Ankur,2023,2023-2,2023-3,2023-9,2023-38,1,42088,0,299,2443,70,43587,12260,0,0
Ankur,2023,2023-2,2023-3,2023-9,2023-39,114,0,5529,5,0,29,21246,2,357,39
Ankur,2023,2023-2,2023-4,2023-10,2023-39,0,0,0,0,0,0,767,0,0,0
Ankur,2023,2023-2,2023-4,2023-10,2023-40,3873,0,2461,0,1,4,66495,0,0,0
Ankur,2023,2023-2,2023-4,2023-10,2023-41,2,1,0,0,1,0,73877,0,0,0
Ankur,2023,2023-2,2023-4,2023-10,2023-42,8297,5,0,0,6115,0,22404,1277,8,407
Ankur,2023,2023-2,2023-4,2023-10,2023-43,2932,173,0,955,0,0,74328,1970,5784,0
Ankur,2023,2023-2,2023-4,2023-10,2023-44,7119,0,0,0,0,0,4737,0,26,0
Ankur,2023,2023-2,2023-4,2023-11,2023-44,8197,0,0,0,0,0,33436,5,5882,1
Ankur,2023,2023-2,2023-4,2023-11,2023-45,269,49123,26939,22847,1,3476,53555,35667,0,78
Ankur,2023,2023-2,2023-4,2023-11,2023-46,25,6537,0,571,4464,0,53631,0,0,5571
Ankur,2023,2023-2,2023-4,2023-11,2023-47,2,1,0,0,1138,5057,34303,1116,0,0
Ankur,2023,2023-2,2023-4,2023-11,2023-48,3708,0,37,826,0,0,13405,884,4,3574
Ankur,2023,2023-2,2023-4,2023-12,2023-48,53,0,0,250,71,0,38683,0,0,0
Ankur,2023,2023-2,2023-4,2023-12,2023-49,9,0,0,2,0,1400,35679,0,218,0
Ankur,2023,2023-2,2023-4,2023-12,2023-50,2,0,0,47428,11213,0,89435,6186,0,0
Ankur,2023,2023-2,2023-4,2023-12,2023-51,2466,28,0,48,3821,5050,44037,9319,120,0
Ankur,2023,2023-2,2023-4,2023-12,2023-52,7386,34,0,5,4321,0,45638,262,0,283
Rajeev,2022,2022-1,2022-1,2022-1,2022-1,4649,1,25726,0,0,0,47210,6509,2,118
Rajeev,2022,2022-1,2022-1,2022-1,2022-2,8535,0,0,0,93,3305,50049,16701,0,0
Rajeev,2022,2022-1,2022-1,2022-1,2022-3,12902,2020,0,0,4859,0,29821,0,4,0
Rajeev,2022,2022-1,2022-1,2022-1,2022-4,4779,14,0,0,0,0,51490,0,4445,0
Rajeev,2022,2022-1,2022-1,2022-1,2022-5,227,0,0,7650,0,0,14694,0,0,0
Rajeev,2022,2022-1,2022-1,2022-1,2022-52,6530,924,0,0,0,0,8140,0,0,0
Rajeev,2022,2022-1,2022-1,2022-2,2022-5,7844,28646,0,405,3897,388,44727,11,103,0
Rajeev,2022,2022-1,2022-1,2022-2,2022-6,585,0,3545,261,891,0,31001,0,0,0
Rajeev,2022,2022-1,2022-1,2022-2,2022-7,4668,0,0,0,0,0,39211,0,0,0
Rajeev,2022,2022-1,2022-1,2022-2,2022-8,516,3186,20,29616,0,0,39286,71,6877,0
Rajeev,2022,2022-1,2022-1,2022-2,2022-9,48,0,0,0,0,0,12782,0,0,0
Rajeev,2022,2022-1,2022-1,2022-3,2022-10,9711,27,1943,0,0,2178,43995,69286,223,259
Rajeev,2022,2022-1,2022-1,2022-3,2022-11,71,13,0,0,1,0,32151,12,2,0
Rajeev,2022,2022-1,2022-1,2022-3,2022-12,16294,0,0,0,0,4097,53944,25498,1,0
Rajeev,2022,2022-1,2022-1,2022-3,2022-13,5044,0,0,0,0,1528,40393,11763,0,69
Rajeev,2022,2022-1,2022-1,2022-3,2022-9,5115,0,1,1,0,0,33933,3166,0,0
Rajeev,2022,2022-1,2022-2,2022-4,2022-13,5545,29711,0,0,0,0,8264,123,0,3211
Rajeev,2022,2022-1,2022-2,2022-4,2022-14,1924,62,0,1088,0,0,33171,457,4740,2440
Rajeev,2022,2022-1,2022-2,2022-4,2022-15,1393,0,0,45,0,0,54544,354,6331,6
Rajeev,2022,2022-1,2022-2,2022-4,2022-16,10230,21079,0,0,3,0,40639,2959,7893,125
Rajeev,2022,2022-1,2022-2,2022-4,2022-17,2838,1,0,262,560,0,36422,0,0,3
Rajeev,2022,2022-1,2022-2,2022-5,2022-17,122,0,0,0,0,0,11448,0,0,0
Rajeev,2022,2022-1,2022-2,2022-5,2022-18,0,0,8511,10165,1,0,25506,262,0,0
Rajeev,2022,2022-1,2022-2,2022-5,2022-19,1847,12222,5,0,0,83,83916,0,0,0
Rajeev,2022,2022-1,2022-2,2022-5,2022-20,11842,0,4,0,163,3403,49409,27,83,396
Rajeev,2022,2022-1,2022-2,2022-5,2022-21,293,278,0,0,8111,0,57176,0,0,0
Rajeev,2022,2022-1,2022-2,2022-5,2022-22,1584,0,0,0,0,0,17670,0,0,0
Rajeev,2022,2022-1,2022-2,2022-6,2022-22,3547,0,0,0,386,0,44065,0,0,0
Rajeev,2022,2022-1,2022-2,2022-6,2022-23,19098,0,3654,77,8600,1147,64073,183,2,0
Rajeev,2022,2022-1,2022-2,2022-6,2022-24,3311,7488,0,28252,0,0,86814,11193,0,0
Rajeev,2022,2022-1,2022-2,2022-6,2022-25,8831,2489,1241,1035,210,17816,45762,34,0,0
Rajeev,2022,2022-1,2022-2,2022-6,2022-26,555,0,5873,0,0,0,12821,0,0,617
Rajeev,2022,2022-2,2022-3,2022-7,2022-26,1675,0,2816,0,0,0,24857,0,10,0
Rajeev,2022,2022-2,2022-3,2022-7,2022-27,68,0,13806,4866,4684,24,20481,0,756,4776
Rajeev,2022,2022-2,2022-3,2022-7,2022-28,1952,0,45,19073,52,0,27987,0,0,0
Rajeev,2022,2022-2,2022-3,2022-7,2022-29,6061,5,39,0,2841,0,87823,1066,121,0
Rajeev,2022,2022-2,2022-3,2022-7,2022-30,1578,22,9243,3795,4,0,45681,80434,1274,0
Rajeev,2022,2022-2,2022-3,2022-8,2022-31,1381,55309,2783,11889,0,1734,35549,405,2,0
Rajeev,2022,2022-2,2022-3,2022-8,2022-32,2651,0,1,18632,0,354,53896,0,0,0
Rajeev,2022,2022-2,2022-3,2022-8,2022-33,975,0,0,21717,69,0,59581,330,0,4222
Rajeev,2022,2022-2,2022-3,2022-8,2022-34,135,0,0,0,8579,567,80071,6438,0,0
Rajeev,2022,2022-2,2022-3,2022-8,2022-35,94,0,0,0,0,0,30808,0,0,0
Rajeev,2022,2022-2,2022-3,2022-9,2022-35,0,258,0,0,0,111,27201,308,0,0
Rajeev,2022,2022-2,2022-3,2022-9,2022-36,426,26236,0,1,0,0,53007,0,93,237
Rajeev,2022,2022-2,2022-3,2022-9,2022-37,240,1611,7,1286,0,0,53896,0,0,2754
Rajeev,2022,2022-2,2022-3,2022-9,2022-38,6290,5204,164,0,950,0,60254,0,5928,0
Rajeev,2022,2022-2,2022-3,2022-9,2022-39,4851,0,0,36633,2924,0,30005,13,0,0
Rajeev,2022,2022-2,2022-4,2022-10,2022-39,0,841,0,0,0,0,13609,0,0,0
Rajeev,2022,2022-2,2022-4,2022-10,2022-40,5928,30,28149,0,0,0,41747,0,880,1536
Rajeev,2022,2022-2,2022-4,2022-10,2022-41,201,0,0,9319,0,1301,36133,50575,0,335
Rajeev,2022,2022-2,2022-4,2022-10,2022-42,212,25520,0,0,0,19702,60557,8855,0,3534
Rajeev,2022,2022-2,2022-4,2022-10,2022-43,19,0,1865,0,0,0,44756,0,2,0
Rajeev,2022,2022-2,2022-4,2022-10,2022-44,168,0,0,0,0,0,17245,0,0,0
Rajeev,2022,2022-2,2022-4,2022-11,2022-44,57,0,0,0,39,2333,65649,1393,20,0
Rajeev,2022,2022-2,2022-4,2022-11,2022-45,7208,15,1033,0,86,9198,63752,0,464,0
Rajeev,2022,2022-2,2022-4,2022-11,2022-46,9246,0,93,0,17,0,78320,141,0,0
Rajeev,2022,2022-2,2022-4,2022-11,2022-47,997,0,0,4896,0,0,42510,37,2905,161
Rajeev,2022,2022-2,2022-4,2022-11,2022-48,2393,0,0,0,0,0,22353,85344,0,771
Rajeev,2022,2022-2,2022-4,2022-12,2022-48,0,0,0,0,0,0,29575,1535,0,595
Rajeev,2022,2022-2,2022-4,2022-12,2022-49,16742,0,1252,0,0,0,32470,80335,12,0
Rajeev,2022,2022-2,2022-4,2022-12,2022-50,5915,0,6497,6945,17,0,45166,0,928,52
Rajeev,2022,2022-2,2022-4,2022-12,2022-51,20,0,620,0,0,0,90139,0,0,0
Rajeev,2022,2022-2,2022-4,2022-12,2022-52,6749,0,347,34311,0,0,48699,0,0,0
Rajeev,2023,2023-1,2023-1,2023-1,2023-1,1290,414,277,629,4033,0,34113,3,891,0
Rajeev,2023,2023-1,2023-1,2023-1,2023-2,223,220,0,349,1356,0,70524,29,0,0
Rajeev,2023,2023-1,2023-1,2023-1,2023-3,3675,0,0,30,0,0,37467,2027,1,0
Rajeev,2023,2023-1,2023-1,2023-1,2023-4,2799,0,0,11554,9643,0,59422,0,0,5766
Rajeev,2023,2023-1,2023-1,2023-1,2023-5,0,0,10,4,0,0,3236,0,0,0
Rajeev,2023,2023-1,2023-1,2023-1,2023-52,1,0,7,0,0,0,15988,0,0,0
Rajeev,2023,2023-1,2023-1,2023-2,2023-5,93,0,0,1611,0,0,35959,3013,0,0
Rajeev,2023,2023-1,2023-1,2023-2,2023-6,1982,0,5590,0,3008,0,54961,710,0,1
Rajeev,2023,2023-1,2023-1,2023-2,2023-7,3273,0,0,18857,0,6578,58784,3961,0,0
Rajeev,2023,2023-1,2023-1,2023-2,2023-8,11967,0,13498,27203,7,0,50869,0,7791,0
Rajeev,2023,2023-1,2023-1,2023-2,2023-9,1,0,0,0,907,0,24820,0,0,0
Rajeev,2023,2023-1,2023-1,2023-3,2023-10,994,9538,0,0,0,18921,69829,0,121,577
Rajeev,2023,2023-1,2023-1,2023-3,2023-11,15,0,0,0,0,0,34545,4,0,7
Rajeev,2023,2023-1,2023-1,2023-3,2023-12,693,9944,12,88,0,0,47528,26032,5813,0
Rajeev,2023,2023-1,2023-1,2023-3,2023-13,1919,0,103,0,0,0,38968,0,0,25
Rajeev,2023,2023-1,2023-1,2023-3,2023-9,78,267,38,476,0,0,60694,55514,0,0
Rajeev,2023,2023-1,2023-2,2023-4,2023-13,1515,0,0,0,0,0,12313,0,0,0
Rajeev,2023,2023-1,2023-2,2023-4,2023-14,53,29258,11556,6219,418,57,53977,973,27,0
Rajeev,2023,2023-1,2023-2,2023-4,2023-15,5555,0,1,0,0,2,67382,1,14,0
Rajeev,2023,2023-1,2023-2,2023-4,2023-16,1294,650,3981,0,808,0,53980,89473,0,0
Rajeev,2023,2023-1,2023-2,2023-4,2023-17,1,0,205,389,3691,591,32172,25988,559,0
Rajeev,2023,2023-1,2023-2,2023-5,2023-18,8888,0,0,0,1866,0,46305,22824,9479,5
Rajeev,2023,2023-1,2023-2,2023-5,2023-19,4603,0,114,1,1571,0,73725,1365,4474,0
Rajeev,2023,2023-1,2023-2,2023-5,2023-20,9088,0,93,317,0,17836,37087,0,1257,97
Rajeev,2023,2023-1,2023-2,2023-5,2023-21,4490,9428,58,0,2,11047,57862,0,606,0
Rajeev,2023,2023-1,2023-2,2023-5,2023-22,48,1,0,3905,0,20,16353,0,0,0
Rajeev,2023,2023-1,2023-2,2023-6,2023-22,87,0,0,0,0,0,12992,0,0,0
Rajeev,2023,2023-1,2023-2,2023-6,2023-23,2106,450,3081,12991,0,746,43757,996,0,9
Rajeev,2023,2023-1,2023-2,2023-6,2023-24,558,1,12650,0,7975,0,65065,0,28,0
Rajeev,2023,2023-1,2023-2,2023-6,2023-25,7456,1700,17669,0,10,0,43664,0,6783,679
Rajeev,2023,2023-1,2023-2,2023-6,2023-26,2819,0,18367,0,0,0,40824,33,42,564
Rajeev,2023,2023-2,2023-3,2023-7,2023-26,3483,80,0,0,0,0,12612,0,1,2661
Rajeev,2023,2023-2,2023-3,2023-7,2023-27,119,0,173,0,0,0,63303,0,0,0
Rajeev,2023,2023-2,2023-3,2023-7,2023-28,1403,748,2,0,0,0,44057,3426,0,280
Rajeev,2023,2023-2,2023-3,2023-7,2023-29,8457,0,8,0,0,0,35248,3393,1215,0
Rajeev,2023,2023-2,2023-3,2023-7,2023-30,2,0,6308,1,16,35,50846,60,1,0
Rajeev,2023,2023-2,2023-3,2023-7,2023-31,0,0,0,0,0,0,4896,0,0,0
Rajeev,2023,2023-2,2023-3,2023-8,2023-31,6462,0,32,0,0,294,35520,0,0,0
Rajeev,2023,2023-2,2023-3,2023-8,2023-32,326,13257,12578,0,0,0,43508,0,2156,15
Rajeev,2023,2023-2,2023-3,2023-8,2023-33,8752,1,0,0,0,2,58230,0,5734,0
Rajeev,2023,2023-2,2023-3,2023-8,2023-34,201,4954,5,4,0,0,74945,50393,6237,120
Rajeev,2023,2023-2,2023-3,2023-8,2023-35,109,0,31,0,0,262,26541,11612,0,0
Rajeev,2023,2023-2,2023-3,2023-9,2023-35,36,0,0,0,8,0,21735,0,0,0
Rajeev,2023,2023-2,2023-3,2023-9,2023-36,7882,17709,0,621,7176,46,68922,0,0,102
Rajeev,2023,2023-2,2023-3,2023-9,2023-37,824,0,0,5414,526,2,62379,7,0,0
Rajeev,2023,2023-2,2023-3,2023-9,2023-38,7069,8,0,1615,0,69,46001,0,216,262
Rajeev,2023,2023-2,2023-3,2023-9,2023-39,56,95,0,5205,0,0,35320,19,0,21
Rajeev,2023,2023-2,2023-4,2023-10,2023-39,999,0,0,0,0,0,13397,0,0,0
Rajeev,2023,2023-2,2023-4,2023-10,2023-40,6376,0,7799,0,383,208,83764,0,0,176
Rajeev,2023,2023-2,2023-4,2023-10,2023-41,9783,0,8548,0,0,0,52351,0,85,0
Rajeev,2023,2023-2,2023-4,2023-10,2023-42,97,13,0,1,0,787,54360,0,743,68
Rajeev,2023,2023-2,2023-4,2023-10,2023-43,5993,0,0,12,46,3600,57441,0,0,0
Rajeev,2023,2023-2,2023-4,2023-10,2023-44,7,0,0,0,0,0,345,0,0,0
Rajeev,2023,2023-2,2023-4,2023-11,2023-44,2375,0,0,45,0,0,45761,5644,8,0
Rajeev,2023,2023-2,2023-4,2023-11,2023-45,4040,0,0,0,2645,0,67731,1,0,0
Rajeev,2023,2023-2,2023-4,2023-11,2023-46,16,13120,2,0,34,2,31514,2540,0,0
Rajeev,2023,2023-2,2023-4,2023-11,2023-47,3367,28,0,27629,88,18,53349,0,0,0
Rajeev,2023,2023-2,2023-4,2023-11,2023-48,77,0,398,0,0,420,46742,0,0,0
Rajeev,2023,2023-2,2023-4,2023-12,2023-48,11737,0,0,0,0,112,22596,0,0,0
Rajeev,2023,2023-2,2023-4,2023-12,2023-49,18905,0,6345,0,0,4170,54916,13,999,0
Rajeev,2023,2023-2,2023-4,2023-12,2023-50,1353,0,29964,0,0,0,48142,0,368,4595
Rajeev,2023,2023-2,2023-4,2023-12,2023-51,12155,2,0,0,3056,0,52747,1,3,4167
Rajeev,2023,2023-2,2023-4,2023-12,2023-52,8507,0,0,3,1,0,81770,240,0,189
Saswat,2022,2022-1,2022-1,2022-1,2022-1,29,1,158,0,7589,2,25732,15795,0,0
Saswat,2022,2022-1,2022-1,2022-1,2022-2,884,0,13888,0,0,15,57700,85648,2296,0
Saswat,2022,2022-1,2022-1,2022-1,2022-3,14219,1,3586,0,78,234,60286,2818,0,3
Saswat,2022,2022-1,2022-1,2022-1,2022-4,138,15,796,0,83,0,75304,15,4,0
Saswat,2022,2022-1,2022-1,2022-1,2022-5,0,0,0,0,0,0,1602,0,0,0
Saswat,2022,2022-1,2022-1,2022-1,2022-52,0,1,0,0,0,0,9465,0,0,0
Saswat,2022,2022-1,2022-1,2022-2,2022-5,15203,0,0,32,0,0,41906,0,0,0
Saswat,2022,2022-1,2022-1,2022-2,2022-6,3,10,0,0,1089,4752,70733,201,0,0
Saswat,2022,2022-1,2022-1,2022-2,2022-7,6,0,0,7,1,0,33646,0,6743,0
Saswat,2022,2022-1,2022-1,2022-2,2022-8,4741,0,7662,0,8378,245,54975,0,177,34
Saswat,2022,2022-1,2022-1,2022-2,2022-9,0,0,0,0,0,0,1120,0,0,0
Saswat,2022,2022-1,2022-1,2022-3,2022-10,276,0,15,4290,0,0,73216,13006,7,53
Saswat,2022,2022-1,2022-1,2022-3,2022-11,1745,0,0,0,23,114,41048,100555,0,0
Saswat,2022,2022-1,2022-1,2022-3,2022-12,7252,221,0,0,0,3207,35816,5,7722,0
Saswat,2022,2022-1,2022-1,2022-3,2022-13,1648,0,0,0,1641,0,14384,0,0,42
Saswat,2022,2022-1,2022-1,2022-3,2022-9,1771,8594,3728,16915,194,2876,34027,0,3,80
Saswat,2022,2022-1,2022-2,2022-4,2022-13,0,8,0,39458,0,0,18943,0,0,3328
Saswat,2022,2022-1,2022-2,2022-4,2022-14,6975,6,4886,1,0,7,66836,0,3708,20
Saswat,2022,2022-1,2022-2,2022-4,2022-15,320,75,0,0,5773,1,47067,0,10,0
Saswat,2022,2022-1,2022-2,2022-4,2022-16,887,0,322,0,455,22,58477,37414,824,12
Saswat,2022,2022-1,2022-2,2022-4,2022-17,8717,0,68,0,38,79,25799,195,0,1080
Saswat,2022,2022-1,2022-2,2022-5,2022-17,0,832,0,0,0,0,1090,0,0,0
Saswat,2022,2022-1,2022-2,2022-5,2022-18,635,226,0,0,0,7,51632,0,1755,504
Saswat,2022,2022-1,2022-2,2022-5,2022-19,20297,0,0,4,0,617,44771,17,0,3167
Saswat,2022,2022-1,2022-2,2022-5,2022-20,1,0,851,0,436,27,59312,188,7404,0
Saswat,2022,2022-1,2022-2,2022-5,2022-21,1584,21,0,0,18,0,46771,0,660,231
Saswat,2022,2022-1,2022-2,2022-5,2022-22,19,42,0,0,0,0,5183,502,0,0
Saswat,2022,2022-1,2022-2,2022-6,2022-22,723,0,0,0,0,0,28845,0,0,0
Saswat,2022,2022-1,2022-2,2022-6,2022-23,1573,17038,6349,13395,52,0,25590,0,0,104
Saswat,2022,2022-1,2022-2,2022-6,2022-24,529,1911,4845,141,0,0,47714,2135,198,0
Saswat,2022,2022-1,2022-2,2022-6,2022-25,40,21147,0,0,0,0,34907,0,0,53
Saswat,2022,2022-1,2022-2,2022-6,2022-26,0,0,3062,0,0,0,38130,0,622,0
Saswat,2022,2022-2,2022-3,2022-7,2022-26,678,0,0,0,194,0,8780,1,0,0
Saswat,2022,2022-2,2022-3,2022-7,2022-27,2301,9,0,0,2074,12854,32233,0,2,0
Saswat,2022,2022-2,2022-3,2022-7,2022-28,2218,0,2,0,0,676,65030,0,2361,2435
Saswat,2022,2022-2,2022-3,2022-7,2022-29,14774,128,0,0,0,290,57398,1648,0,0
Saswat,2022,2022-2,2022-3,2022-7,2022-30,89,150,5477,2,0,41,48489,0,1,0
Saswat,2022,2022-2,2022-3,2022-8,2022-31,163,0,8288,0,116,0,84009,15090,14146,0
Saswat,2022,2022-2,2022-3,2022-8,2022-32,276,0,6,1949,42,136,51687,82491,0,0
Saswat,2022,2022-2,2022-3,2022-8,2022-33,3,0,0,55,3573,0,75621,64204,0,0
Saswat,2022,2022-2,2022-3,2022-8,2022-34,15,49959,0,2,0,0,57978,0,7064,17
Saswat,2022,2022-2,2022-3,2022-8,2022-35,3995,0,0,0,0,0,16897,206,0,0
Saswat,2022,2022-2,2022-3,2022-9,2022-35,353,0,0,0,0,0,47359,867,0,2
Saswat,2022,2022-2,2022-3,2022-9,2022-36,682,88,0,349,25,0,45019,31319,0,176
Saswat,2022,2022-2,2022-3,2022-9,2022-37,423,1639,0,43,275,6,65714,0,275,0
Saswat,2022,2022-2,2022-3,2022-9,2022-38,42,2927,0,1,0,580,37012,338,0,131
Saswat,2022,2022-2,2022-3,2022-9,2022-39,12,7,0,0,0,54,37357,0,0,1146
Saswat,2022,2022-2,2022-4,2022-10,2022-39,3,0,96,0,0,0,2577,0,0,0
Saswat,2022,2022-2,2022-4,2022-10,2022-40,1306,0,0,0,95,0,69199,6086,3185,14
Saswat,2022,2022-2,2022-4,2022-10,2022-41,1220,0,198,2201,0,24,49648,0,4380,0
Saswat,2022,2022-2,2022-4,2022-10,2022-42,1025,1276,53,0,163,0,44115,0,99,0
Saswat,2022,2022-2,2022-4,2022-10,2022-43,335,0,831,0,2613,0,58827,0,0,0
Saswat,2022,2022-2,2022-4,2022-10,2022-44,0,0,0,0,0,0,7807,67,0,0
Saswat,2022,2022-2,2022-4,2022-11,2022-44,441,0,28233,0,0,0,30984,0,1682,0
Saswat,2022,2022-2,2022-4,2022-11,2022-45,103,1,0,43873,0,1,46705,317,0,1614
Saswat,2022,2022-2,2022-4,2022-11,2022-46,5093,0,96,5,0,435,56652,600,623,0
Saswat,2022,2022-2,2022-4,2022-11,2022-47,1740,0,0,0,0,6226,44191,9,0,0
Saswat,2022,2022-2,2022-4,2022-11,2022-48,2,74,0,21365,0,0,17212,0,0,0
Saswat,2022,2022-2,2022-4,2022-12,2022-48,1466,0,0,0,5,0,33274,15433,0,0
Saswat,2022,2022-2,2022-4,2022-12,2022-49,7375,331,2,0,0,0,40405,1,944,0
Saswat,2022,2022-2,2022-4,2022-12,2022-50,1,1130,0,0,0,0,53215,54373,87,0
Saswat,2022,2022-2,2022-4,2022-12,2022-51,5692,114,0,0,0,0,43942,0,0,26
Saswat,2022,2022-2,2022-4,2022-12,2022-52,7045,0,20,66,0,15441,59863,23,0,2
Saswat,2023,2023-1,2023-1,2023-1,2023-1,1079,29,20,947,0,616,49576,0,7580,18
Saswat,2023,2023-1,2023-1,2023-1,2023-2,8415,0,5,0,6,1490,61028,21108,0,0
Saswat,2023,2023-1,2023-1,2023-1,2023-3,10324,0,34,0,0,0,62273,41601,582,78
Saswat,2023,2023-1,2023-1,2023-1,2023-4,5714,0,27097,0,95,0,47141,0,4,1
Saswat,2023,2023-1,2023-1,2023-1,2023-5,1058,0,0,30,0,0,17033,0,0,3
Saswat,2023,2023-1,2023-1,2023-1,2023-52,0,0,0,0,0,0,8027,0,0,0
Saswat,2023,2023-1,2023-1,2023-2,2023-5,278,34,7508,0,0,0,30718,10,0,0
Saswat,2023,2023-1,2023-1,2023-2,2023-6,1602,0,0,8129,3835,0,45700,71516,0,2
Saswat,2023,2023-1,2023-1,2023-2,2023-7,1033,15311,0,14558,0,1,61229,0,2,0
Saswat,2023,2023-1,2023-1,2023-2,2023-8,414,12786,0,0,326,0,51121,158,1362,0
Saswat,2023,2023-1,2023-1,2023-2,2023-9,0,29327,12,5,0,3302,3185,88,0,0
Saswat,2023,2023-1,2023-1,2023-3,2023-10,247,0,418,4983,0,0,52848,0,6297,3
Saswat,2023,2023-1,2023-1,2023-3,2023-11,15686,2338,474,5,0,0,55900,98,809,40
Saswat,2023,2023-1,2023-1,2023-3,2023-12,4040,629,121,0,1141,0,69007,0,0,0
Saswat,2023,2023-1,2023-1,2023-3,2023-13,6136,0,2,0,780,0,41005,0,51,0
Saswat,2023,2023-1,2023-1,2023-3,2023-9,0,0,9,235,9422,13,44009,56319,0,0
Saswat,2023,2023-1,2023-2,2023-4,2023-13,0,0,0,0,0,0,4689,0,0,0
Saswat,2023,2023-1,2023-2,2023-4,2023-14,13,150,2,1,0,53,50966,126,0,75
Saswat,2023,2023-1,2023-2,2023-4,2023-15,6111,0,0,571,97,1,39095,5832,822,7
Saswat,2023,2023-1,2023-2,2023-4,2023-16,132,212,47,0,0,0,42786,226,0,865
Saswat,2023,2023-1,2023-2,2023-4,2023-17,2025,18953,0,0,1728,42,64455,84084,0,0
Saswat,2023,2023-1,2023-2,2023-5,2023-18,704,4,0,0,0,0,44663,0,0,0
Saswat,2023,2023-1,2023-2,2023-5,2023-19,7,0,0,2,771,0,74995,0,0,0
Saswat,2023,2023-1,2023-2,2023-5,2023-20,29,5,5081,5143,202,8,49039,0,0,0
Saswat,2023,2023-1,2023-2,2023-5,2023-21,416,0,0,0,2284,538,38314,64377,0,0
Saswat,2023,2023-1,2023-2,2023-5,2023-22,722,14808,13985,0,59,819,16286,0,0,43
Saswat,2023,2023-1,2023-2,2023-6,2023-22,7474,3664,0,40146,0,0,43242,0,42,29
Saswat,2023,2023-1,2023-2,2023-6,2023-23,1507,0,318,0,240,0,40415,8902,0,333
Saswat,2023,2023-1,2023-2,2023-6,2023-24,32,35526,8624,21,0,1110,65396,28,54,0
Saswat,2023,2023-1,2023-2,2023-6,2023-25,151,513,3,1070,8219,0,51387,0,0,2402
Saswat,2023,2023-1,2023-2,2023-6,2023-26,4402,1021,0,165,3744,0,26436,0,0,0
Saswat,2023,2023-2,2023-3,2023-7,2023-26,0,0,0,3,0,7,9062,0,0,0
Saswat,2023,2023-2,2023-3,2023-7,2023-27,8531,35377,4407,257,0,0,53950,0,0,77
Saswat,2023,2023-2,2023-3,2023-7,2023-28,13445,0,0,25408,0,59,74915,0,1152,3668
Saswat,2023,2023-2,2023-3,2023-7,2023-29,201,6981,0,1,0,1,55213,0,126,0
Saswat,2023,2023-2,2023-3,2023-7,2023-30,5507,0,8183,23,120,0,79583,25,72,7
Saswat,2023,2023-2,2023-3,2023-7,2023-31,174,0,0,0,0,0,8619,0,0,0
Saswat,2023,2023-2,2023-3,2023-8,2023-31,3250,0,18,0,0,136,53936,0,0,0
Saswat,2023,2023-2,2023-3,2023-8,2023-32,2602,16145,4520,0,0,0,68143,20,0,0
Saswat,2023,2023-2,2023-3,2023-8,2023-33,15571,2149,553,0,2079,0,38263,66,3,0
Saswat,2023,2023-2,2023-3,2023-8,2023-34,4148,0,59,478,0,18664,46589,0,0,0
Saswat,2023,2023-2,2023-3,2023-8,2023-35,0,20,89,0,0,0,31689,0,0,0
Saswat,2023,2023-2,2023-3,2023-9,2023-35,2937,0,0,0,0,0,22605,2,0,0
Saswat,2023,2023-2,2023-3,2023-9,2023-36,3514,0,0,16622,0,118,59210,0,0,0
Saswat,2023,2023-2,2023-3,2023-9,2023-37,847,0,0,17,0,320,36471,0,0,0
Saswat,2023,2023-2,2023-3,2023-9,2023-38,1957,0,0,598,765,0,35108,0,7717,44
Saswat,2023,2023-2,2023-3,2023-9,2023-39,10556,0,2397,0,188,0,62958,28,0,0
Saswat,2023,2023-2,2023-4,2023-10,2023-39,0,1,0,0,0,0,16231,0,0,0
Saswat,2023,2023-2,2023-4,2023-10,2023-40,1440,0,0,0,0,0,69490,10658,0,0
Saswat,2023,2023-2,2023-4,2023-10,2023-41,1582,0,0,728,0,0,47609,0,2152,0
Saswat,2023,2023-2,2023-4,2023-10,2023-42,9194,0,0,103,2,38,67506,9,0,4256
Saswat,2023,2023-2,2023-4,2023-10,2023-43,346,6,24,0,878,0,56139,2748,0,7
Saswat,2023,2023-2,2023-4,2023-10,2023-44,0,64,0,0,0,15705,10064,0,0,0
Saswat,2023,2023-2,2023-4,2023-11,2023-44,7177,0,0,0,0,0,18966,0,35,864
Saswat,2023,2023-2,2023-4,2023-11,2023-45,1469,37,0,8,0,5097,60168,54657,0,2233
Saswat,2023,2023-2,2023-4,2023-11,2023-46,84,27316,31,6761,0,6620,53595,0,0,0
Saswat,2023,2023-2,2023-4,2023-11,2023-47,6396,19,0,0,0,409,52924,0,0,0
Saswat,2023,2023-2,2023-4,2023-11,2023-48,6250,0,0,239,69,76,40589,0,1113,576
Saswat,2023,2023-2,2023-4,2023-12,2023-48,0,0,0,0,0,1,7782,0,54,0
Saswat,2023,2023-2,2023-4,2023-12,2023-49,4326,0,0,0,0,23,75582,20943,0,0
Saswat,2023,2023-2,2023-4,2023-12,2023-50,3487,0,0,1,0,2399,78642,95031,585,1239
Saswat,2023,2023-2,2023-4,2023-12,2023-51,717,1140,57,5,0,0,57346,0,17,0
Saswat,2023,2023-2,2023-4,2023-12,2023-52,404,0,5063,9807,0,0,51015,65667,0,2023
Shiv,2022,2022-1,2022-1,2022-1,2022-1,8448,418,1325,10,0,0,65764,1282,0,0
Shiv,2022,2022-1,2022-1,2022-1,2022-2,1153,1,0,6532,951,44,44846,0,73,0
Shiv,2022,2022-1,2022-1,2022-1,2022-3,8517,0,0,7230,0,2187,46797,0,140,0
Shiv,2022,2022-1,2022-1,2022-1,2022-4,1485,0,107,866,0,0,73098,4,6,0
Shiv,2022,2022-1,2022-1,2022-1,2022-5,0,0,0,0,0,0,13202,0,0,0
Shiv,2022,2022-1,2022-1,2022-1,2022-52,39,0,0,0,0,2,17813,0,0,1391
Shiv,2022,2022-1,2022-1,2022-2,2022-5,18,20,21830,706,0,0,46865,0,0,3
Shiv,2022,2022-1,2022-1,2022-2,2022-6,5309,0,14,1,476,13,60465,0,71,4350
Shiv,2022,2022-1,2022-1,2022-2,2022-7,4185,0,0,0,0,12095,71262,4126,2513,0
Shiv,2022,2022-1,2022-1,2022-2,2022-8,44,0,63,0,0,7444,37016,10,6829,0
Shiv,2022,2022-1,2022-1,2022-2,2022-9,51,0,0,0,0,0,9451,0,0,0
Shiv,2022,2022-1,2022-1,2022-3,2022-10,1093,2277,0,0,0,0,49594,1382,10,84
Shiv,2022,2022-1,2022-1,2022-3,2022-11,1085,4057,1,10460,0,0,44428,0,218,191
Shiv,2022,2022-1,2022-1,2022-3,2022-12,1252,54110,65,4476,0,0,64313,0,0,1
Shiv,2022,2022-1,2022-1,2022-3,2022-13,10924,0,2141,0,647,0,37304,4699,0,0
Shiv,2022,2022-1,2022-1,2022-3,2022-9,6983,0,51,0,4,0,49239,56,0,0
Shiv,2022,2022-1,2022-2,2022-4,2022-13,0,93,0,147,0,0,42778,0,0,0
Shiv,2022,2022-1,2022-2,2022-4,2022-14,433,2004,0,5608,5,86,52013,0,0,0
Shiv,2022,2022-1,2022-2,2022-4,2022-15,42,0,0,0,0,0,52914,5,0,301
Shiv,2022,2022-1,2022-2,2022-4,2022-16,0,9,153,16410,0,0,39966,880,335,0
Shiv,2022,2022-1,2022-2,2022-4,2022-17,0,0,1912,0,33,11,28731,0,0,1
Shiv,2022,2022-1,2022-2,2022-5,2022-17,0,0,0,0,0,0,2455,0,0,0
Shiv,2022,2022-1,2022-2,2022-5,2022-18,293,561,0,0,1898,1528,56355,0,87,1
Shiv,2022,2022-1,2022-2,2022-5,2022-19,642,2365,732,20,853,0,42440,10907,0,0
Shiv,2022,2022-1,2022-2,2022-5,2022-20,900,715,0,3303,0,87,78877,3406,0,4
Shiv,2022,2022-1,2022-2,2022-5,2022-21,135,0,0,0,5,146,62114,41461,0,0
Shiv,2022,2022-1,2022-2,2022-5,2022-22,429,0,21484,0,0,0,8224,0,0,5
Shiv,2022,2022-1,2022-2,2022-6,2022-22,51,0,0,0,0,0,72272,0,5108,91
Shiv,2022,2022-1,2022-2,2022-6,2022-23,2295,28,348,0,15,0,25304,0,0,2397
Shiv,2022,2022-1,2022-2,2022-6,2022-24,3610,0,1848,24117,15,0,60714,0,2,5
Shiv,2022,2022-1,2022-2,2022-6,2022-25,7434,13307,0,0,603,0,32069,149352,0,0
Shiv,2022,2022-1,2022-2,2022-6,2022-26,185,205,111,459,5,194,45902,47,0,0
Shiv,2022,2022-2,2022-3,2022-7,2022-26,0,0,0,0,0,0,15277,43,0,0
Shiv,2022,2022-2,2022-3,2022-7,2022-27,8404,14760,14,17262,0,6864,51725,19484,0,0
Shiv,2022,2022-2,2022-3,2022-7,2022-28,223,0,0,0,9,0,61134,0,0,11
Shiv,2022,2022-2,2022-3,2022-7,2022-29,2488,33,37391,2529,20,0,22274,100,0,3
Shiv,2022,2022-2,2022-3,2022-7,2022-30,2681,96,0,5990,1,91,77211,13601,109,56
Shiv,2022,2022-2,2022-3,2022-8,2022-31,1645,138,6,1980,28,0,62002,2,10,6
Shiv,2022,2022-2,2022-3,2022-8,2022-32,2327,0,0,7568,14,19527,43848,0,1680,14
Shiv,2022,2022-2,2022-3,2022-8,2022-33,3135,0,0,77,3783,18760,80986,0,0,0
Shiv,2022,2022-2,2022-3,2022-8,2022-34,9491,0,23,0,1380,0,43416,116070,250,0
Shiv,2022,2022-2,2022-3,2022-8,2022-35,3003,6536,0,0,3699,0,20109,0,0,0
Shiv,2022,2022-2,2022-3,2022-9,2022-35,255,9,0,0,8662,0,24471,324,0,0
Shiv,2022,2022-2,2022-3,2022-9,2022-36,89,6166,0,0,0,0,39270,1,0,0
Shiv,2022,2022-2,2022-3,2022-9,2022-37,1485,0,0,0,25,1247,56196,332,3585,26
Shiv,2022,2022-2,2022-3,2022-9,2022-38,12,0,0,10,17,0,46152,5649,0,0
Shiv,2022,2022-2,2022-3,2022-9,2022-39,238,2,8133,0,0,0,31575,0,1492,1
Shiv,2022,2022-2,2022-4,2022-10,2022-39,8425,0,0,59,135,0,23797,7837,0,0
Shiv,2022,2022-2,2022-4,2022-10,2022-40,2097,0,1,0,0,5,54406,0,466,0
Shiv,2022,2022-2,2022-4,2022-10,2022-41,2515,0,299,191,2,13499,64386,464,944,8
Shiv,2022,2022-2,2022-4,2022-10,2022-42,707,0,1348,1,55,1238,81489,23017,16,19
Shiv,2022,2022-2,2022-4,2022-10,2022-43,269,0,1,0,722,0,47297,0,318,202
Shiv,2022,2022-2,2022-4,2022-10,2022-44,0,0,1494,0,0,0,11472,0,333,0
Shiv,2022,2022-2,2022-4,2022-11,2022-44,34,0,0,0,0,0,34621,0,9,0
Shiv,2022,2022-2,2022-4,2022-11,2022-45,6786,11,935,47470,2181,322,60330,1026,0,4748
Shiv,2022,2022-2,2022-4,2022-11,2022-46,0,3,3,652,30,53,38830,4804,283,67
Shiv,2022,2022-2,2022-4,2022-11,2022-47,4551,0,386,0,0,0,71614,0,0,0
Shiv,2022,2022-2,2022-4,2022-11,2022-48,122,0,0,102,422,0,24942,0,1363,0
Shiv,2022,2022-2,2022-4,2022-12,2022-48,6300,0,0,0,6043,0,21018,0,5310,0
Shiv,2022,2022-2,2022-4,2022-12,2022-49,20,25450,0,10278,41,0,78827,0,0,0
Shiv,2022,2022-2,2022-4,2022-12,2022-50,5673,0,9165,43981,0,1370,46060,0,5,0
Shiv,2022,2022-2,2022-4,2022-12,2022-51,3291,0,0,17199,8,0,38020,693,0,97
Shiv,2022,2022-2,2022-4,2022-12,2022-52,2638,0,0,0,6,9960,13795,0,0,0
Shiv,2023,2023-1,2023-1,2023-1,2023-1,632,111,2,0,0,0,44313,0,2501,7
Shiv,2023,2023-1,2023-1,2023-1,2023-2,771,0,0,0,4,26553,48871,298,3051,0
Shiv,2023,2023-1,2023-1,2023-1,2023-3,270,16017,1,375,4291,12,41583,79,0,0
Shiv,2023,2023-1,2023-1,2023-1,2023-4,18534,45,24,0,0,0,28386,0,0,0
Shiv,2023,2023-1,2023-1,2023-1,2023-5,14,0,0,0,0,0,15508,0,0,0
Shiv,2023,2023-1,2023-1,2023-1,2023-52,0,0,0,18111,0,0,7587,0,0,0
Shiv,2023,2023-1,2023-1,2023-2,2023-5,9827,71,0,21,1754,18,16626,0,0,1289
Shiv,2023,2023-1,2023-1,2023-2,2023-6,0,1550,0,34817,2099,0,87154,846,0,2841
Shiv,2023,2023-1,2023-1,2023-2,2023-7,4,9289,200,2361,0,0,77116,1230,0,55
Shiv,2023,2023-1,2023-1,2023-2,2023-8,99,1,87,0,16,0,69784,0,0,0
Shiv,2023,2023-1,2023-1,2023-2,2023-9,246,0,7710,21,0,0,17651,0,0,0
Shiv,2023,2023-1,2023-1,2023-3,2023-10,9996,1,3,0,0,5742,25903,0,0,0
Shiv,2023,2023-1,2023-1,2023-3,2023-11,3298,150,0,0,0,0,52966,6498,0,0
Shiv,2023,2023-1,2023-1,2023-3,2023-12,8078,1,0,10353,557,17228,37817,3291,0,4
Shiv,2023,2023-1,2023-1,2023-3,2023-13,166,0,125,0,0,50,31757,53882,0,0
Shiv,2023,2023-1,2023-1,2023-3,2023-9,7444,0,107,0,0,0,40958,72258,0,75
Shiv,2023,2023-1,2023-2,2023-4,2023-13,724,0,0,0,0,8876,16598,0,0,0
Shiv,2023,2023-1,2023-2,2023-4,2023-14,213,759,2208,0,0,109,55437,0,0,0
Shiv,2023,2023-1,2023-2,2023-4,2023-15,336,1205,0,0,4765,3284,57408,0,7,0
Shiv,2023,2023-1,2023-2,2023-4,2023-16,62,10,2,0,33,0,73049,0,0,0
Shiv,2023,2023-1,2023-2,2023-4,2023-17,0,38055,0,15,0,0,31847,0,0,3733
Shiv,2023,2023-1,2023-2,2023-5,2023-18,450,0,2,4691,1,0,50693,0,83,622
Shiv,2023,2023-1,2023-2,2023-5,2023-19,0,0,2,2086,0,0,56555,0,0,0
Shiv,2023,2023-1,2023-2,2023-5,2023-20,3007,129,0,152,544,0,57231,1082,0,3699
Shiv,2023,2023-1,2023-2,2023-5,2023-21,564,0,1959,0,0,1917,57687,0,0,0
Shiv,2023,2023-1,2023-2,2023-5,2023-22,0,0,0,0,0,0,24808,0,14,8
Shiv,2023,2023-1,2023-2,2023-6,2023-22,14,0,1,122,0,0,36002,0,0,0
Shiv,2023,2023-1,2023-2,2023-6,2023-23,5990,14,0,0,14,0,43683,0,532,3136
Shiv,2023,2023-1,2023-2,2023-6,2023-24,657,0,0,0,0,16252,34666,7167,0,83
Shiv,2023,2023-1,2023-2,2023-6,2023-25,4371,11343,0,55916,0,0,44733,0,0,2765
Shiv,2023,2023-1,2023-2,2023-6,2023-26,439,0,632,0,0,72,54933,6,0,0
Shiv,2023,2023-2,2023-3,2023-7,2023-26,5901,0,0,0,0,11196,18065,0,0,4
Shiv,2023,2023-2,2023-3,2023-7,2023-27,18942,1140,27326,0,1699,0,38056,19,0,0
Shiv,2023,2023-2,2023-3,2023-7,2023-28,0,0,3613,0,0,7050,46815,150,2,0
Shiv,2023,2023-2,2023-3,2023-7,2023-29,3403,0,0,0,4647,2904,44586,0,0,0
Shiv,2023,2023-2,2023-3,2023-7,2023-30,1400,0,0,0,0,1529,22496,1223,36,0
Shiv,2023,2023-2,2023-3,2023-7,2023-31,0,0,0,341,0,0,6947,0,0,0
Shiv,2023,2023-2,2023-3,2023-8,2023-31,1428,0,5,841,0,1,54308,28,355,0
Shiv,2023,2023-2,2023-3,2023-8,2023-32,9460,0,2,1496,7185,1417,31935,644,2217,11
Shiv,2023,2023-2,2023-3,2023-8,2023-33,447,0,26,62,8,0,36541,0,3103,0
Shiv,2023,2023-2,2023-3,2023-8,2023-34,613,30931,649,5092,84,60,61784,138,290,0
Shiv,2023,2023-2,2023-3,2023-8,2023-35,0,59,17695,0,0,0,23976,0,541,0
Shiv,2023,2023-2,2023-3,2023-9,2023-35,5399,22,0,0,0,0,30734,0,220,0
Shiv,2023,2023-2,2023-3,2023-9,2023-36,7559,0,2,0,1738,1013,41037,34095,0,0
Shiv,2023,2023-2,2023-3,2023-9,2023-37,9886,5,0,9,8,4,63412,4725,2353,182
Shiv,2023,2023-2,2023-3,2023-9,2023-38,1136,28,0,0,0,0,55004,0,0,175
Shiv,2023,2023-2,2023-3,2023-9,2023-39,15151,0,0,7092,0,0,51285,481,0,564
Shiv,2023,2023-2,2023-4,2023-10,2023-39,209,0,0,0,753,0,2785,0,0,0
Shiv,2023,2023-2,2023-4,2023-10,2023-40,2363,18,121,0,0,2798,72175,2047,281,0
Shiv,2023,2023-2,2023-4,2023-10,2023-41,1911,0,534,0,0,0,51486,0,0,0
Shiv,2023,2023-2,2023-4,2023-10,2023-42,974,0,36,7339,5,2207,70058,0,557,0
Shiv,2023,2023-2,2023-4,2023-10,2023-43,26,0,16595,46,1,0,47837,44236,0,0
Shiv,2023,2023-2,2023-4,2023-10,2023-44,0,21553,0,0,0,3,25930,0,0,0
Shiv,2023,2023-2,2023-4,2023-11,2023-44,5,0,0,16431,0,297,27033,0,0,2
Shiv,2023,2023-2,2023-4,2023-11,2023-45,9105,9087,15,15,0,883,57204,154,0,14
Shiv,2023,2023-2,2023-4,2023-11,2023-46,150,471,0,1,0,0,64498,458,0,91
Shiv,2023,2023-2,2023-4,2023-11,2023-47,10480,11181,1651,0,0,0,59191,0,0,0
Shiv,2023,2023-2,2023-4,2023-11,2023-48,1593,0,22992,0,0,12352,34815,228,0,0
Shiv,2023,2023-2,2023-4,2023-12,2023-48,2,13,0,0,0,0,23218,3,10,302
Shiv,2023,2023-2,2023-4,2023-12,2023-49,8,7,0,2394,0,3550,46355,0,0,0
Shiv,2023,2023-2,2023-4,2023-12,2023-50,7745,0,0,40605,17,9,39232,70,0,0
Shiv,2023,2023-2,2023-4,2023-12,2023-51,11,13,2246,0,0,45,44504,0,0,0
Shiv,2023,2023-2,2023-4,2023-12,2023-52,76,26771,2073,113,6,3481,55475,11,0,0
